name,phoneNumber,eMail,nameCompany
Pebrook Ladbury,166-563-1444,pladbury0@delicious.com,Rhynoodle
Ursola Sawtell,346-831-0195,usawtell1@ehow.com,Realpoint
Celinka Snellman,822-144-5942,csnellman2@gnu.org,Tavu
Licha Poundsford,122-974-2664,lpoundsford3@devhub.com,Jayo
Tressa Gremane,290-575-0574,tgremane4@trellian.com,Twiyo
Almeria Whaley,553-902-4907,awhaley5@aboutads.info,Layo
Kattie Dene,981-450-7275,kdene6@psu.edu,Jaxspan
Erl Farlow,513-117-9807,efarlow7@linkedin.com,Einti
Neysa Tungay,346-197-3107,ntungay8@accuweather.com,Voonte
Jamesy Saint,638-663-4475,jsaint9@myspace.com,Dabfeed
