contactName,phone_number,address,email
Wyatt Tilbey,3524415188,4947 Monterey Alley,wtilbey0@webmd.com
Sanford Warren,5022961329,66002 Oakridge Alley,swarren1@booking.com
Dominick Faas,4342340371,30958 Stoughton Trail,dfaas2@tinypic.com
Aurie Bilbrook,8975327608,75 Waubesa Park,abilbrook3@wikimedia.org
Joann Webb-Bowen,7889600869,10 Anthes Pass,jwebbbowen4@cloudflare.com
Kendricks Ocklin,6572623817,395 Darwin Plaza,kocklin5@gmpg.org
Hamel Holliar,2955093335,9 Cottonwood Pass,hholliar6@soup.io
Nichole Wippermann,7373765034,0 Forster Way,nwippermann7@who.int
Lory Ollin,6231055903,4147 Steensland Court,lollin8@exblog.jp
Carrissa O' Mullan,7569745941,0979 East Center,co9@bing.com
